strain	identity	bit_score	E_value	query_ID	target_ID	length	mismatch	gap_openings	query_start	query_end	target_start	target_end	domain	phylum	class	order	family	genus	species	file	Plate	ONT_bc	DNA_conc	filtered_data	read_counts	N50_reads	median_reads	mean_reads	read_len_stdev	genome_size	Contigs	Circularity	GC%	coverage	N50_assembly	Completeness	Contamination	lineage	genomesize
22S3VL55-9	100	684	0	ASV_1	./22S3VL55-9.ffnFFDBDINC_02169	370	0	0	1	370	335	704	d__Bacteria	p__Actinobacteriota	c__Actinomycetia	o__Actinomycetales	f__Microbacteriaceae	g__Curtobacterium	s__Curtobacterium flaccumfaciens	22S3VL55-9.fasta	Plate 6	bc40	4.3450098909371	100555163	10793	18359	5252	9316.7	10372.9	7.9	6	NA	68.04	12	1921911	NA	NA	d__Bacteria;p__Actinobacteriota;c__Actinomycetia;o__Actinomycetales;f__Microbacteriaceae;g__Curtobacterium;s__Curtobacterium flaccumfaciens	7900000
22S3VL55-8	100	684	0	ASV_1	./22S3VL55-8.ffnJGEOLGDO_03081	370	0	0	1	370	334	703	d__Bacteria	p__Proteobacteria	c__Alphaproteobacteria	o__Sphingomonadales	f__Sphingomonadaceae	g__Sphingomonas	s__	22S3VL55-8.fasta	Plate 6	bc32	25.7391943700436	173433843	19954	17312	4851.5	8691.7	9832.9	3.6	1	Yes	66.63	46	3706956	NA	NA	d__Bacteria;p__Proteobacteria;c__Alphaproteobacteria;o__Sphingomonadales;f__Sphingomonadaceae;g__Sphingomonas;s__	3600000
22S3VL55-1	100	684	0	ASV_1	./22S3VL55-1.ffnIIHOABKB_05124	370	0	0	1	370	334	703	d__Bacteria	p__Proteobacteria	c__Alphaproteobacteria	o__Sphingomonadales	f__Sphingomonadaceae	g__Sphingomonas	s__	22S3VL55-1.fasta	Plate 6	bc71	17.5699805682475	30786413	2616	23430	6839.5	11768.5	12240.8	4.3	8	NA	65.47	7	1270180	NA	NA	d__Bacteria;p__Proteobacteria;c__Alphaproteobacteria;o__Sphingomonadales;f__Sphingomonadaceae;g__Sphingomonas;s__	4300000
22S3VL55-10	100	684	0	ASV_1	./22S3VL55-10.ffnJIGMACFP_07385	370	0	0	1	370	334	703	d__Bacteria	p__Proteobacteria	c__Gammaproteobacteria	o__Pseudomonadales	f__Pseudomonadaceae	g__Pseudomonas_E	s__Pseudomonas_E poae	22S3VL55-10.fasta	Plate 6	bc48	14.7698825341806	83844726	15860	12172	2238.5	5286.6	7063.3	13	80	NA	65.6	6	280169	NA	NA	d__Bacteria;p__Proteobacteria;c__Gammaproteobacteria;o__Pseudomonadales;f__Pseudomonadaceae;g__Pseudomonas_E;s__Pseudomonas_E poae	1.3e+07
22S3R2A-8	100	684	0	ASV_1	./22S3R2A-8.ffnPLPEKBLD_02383	370	0	0	1	370	338	707	d__Bacteria	p__Proteobacteria	c__Alphaproteobacteria	o__Sphingomonadales	f__Sphingomonadaceae	g__Sphingomonas	s__	22S3R2A-8.fasta	Plate 3	bc19	19.0956240983719	174585230	39331	7866	2615	4438.9	4924.7	4566288	3	NA	64.83	37	4131808	NA	NA	d__Bacteria;p__Proteobacteria;c__Alphaproteobacteria;o__Sphingomonadales;f__Sphingomonadaceae;g__Sphingomonas;s__	4566288
22S3R2A-7	100	684	0	ASV_1	./22S3R2A-7.ffnJJJCMMMI_03545	370	0	0	1	370	334	703	d__Bacteria	p__Proteobacteria	c__Alphaproteobacteria	o__Sphingomonadales	f__Sphingomonadaceae	g__Sphingomonas	s__Sphingomonas sp004340945	22S3R2A-7.fasta	Plate 3	bc11	36.4669918252387	414297288	97090	9125	1961	4267.1	5653.7	4285849	3	NA	65.19	90	4200723	NA	NA	d__Bacteria;p__Proteobacteria;c__Alphaproteobacteria;o__Sphingomonadales;f__Sphingomonadaceae;g__Sphingomonas;s__Sphingomonas sp004340945	4285849
22S3L9-2	100	684	0	ASV_1	./22S3L9-2.ffnKLFNAHJC_04037	370	0	0	1	370	334	703	d__Bacteria	p__Proteobacteria	c__Alphaproteobacteria	o__Sphingomonadales	f__Sphingomonadaceae	g__Sphingomonas	s__Sphingomonas aerolata	22S3L9-2.fasta	Plate 8	bc13	37.8731960378114	NA	NA	NA	NA	NA	NA	4927997	3	NA	65.56	14	4337310	NA	NA	d__Bacteria;p__Proteobacteria;c__Alphaproteobacteria;o__Sphingomonadales;f__Sphingomonadaceae;g__Sphingomonas;s__Sphingomonas aerolata	4927997
22S3L9-1	100	684	0	ASV_1	./22S3L9-1.ffnFOGINABH_02417	370	0	0	1	370	334	703	d__Bacteria	p__Proteobacteria	c__Alphaproteobacteria	o__Sphingomonadales	f__Sphingomonadaceae	g__Sphingomonas	s__Sphingomonas aerolata	22S3L9-1.fasta	Plate 8	bc05	10.0482217154397	NA	NA	NA	NA	NA	NA	3683091	62	NA	66.53	4	88576	NA	NA	d__Bacteria;p__Proteobacteria;c__Alphaproteobacteria;o__Sphingomonadales;f__Sphingomonadaceae;g__Sphingomonas;s__Sphingomonas aerolata	3683091
22S2VL55-6	100	684	0	ASV_1	./22S2VL55-6.ffnKNAHPENJ_03517	370	0	0	1	370	338	707	d__Bacteria	p__Proteobacteria	c__Alphaproteobacteria	o__Sphingomonadales	f__Sphingomonadaceae	g__Sphingomonas	s__	22S2VL55-6.fasta	Plate 6	bc63	16.355058382788	242534707	22603	21091	6135	10730.2	11417	4.4	4	NA	65.77	52	4135142	NA	NA	d__Bacteria;p__Proteobacteria;c__Alphaproteobacteria;o__Sphingomonadales;f__Sphingomonadaceae;g__Sphingomonas;s__	4400000
22S2VL55-5	100	684	0	ASV_1	./22S2VL55-5.ffnOEENAJGC_03458	370	0	0	1	370	338	707	d__Bacteria	p__Proteobacteria	c__Alphaproteobacteria	o__Sphingomonadales	f__Sphingomonadaceae	g__Sphingomonas	s__	22S2VL55-5.fasta	Plate 6	bc55	25.1693713565464	413603515	66080	11021	3873	6259.1	6721.4	7.5	5	NA	68.93	53	4134963	NA	NA	d__Bacteria;p__Proteobacteria;c__Alphaproteobacteria;o__Sphingomonadales;f__Sphingomonadaceae;g__Sphingomonas;s__	7500000
22S2VL55-2	100	684	0	ASV_1	./22S2VL55-2.ffnMOEKNMGI_03851	370	0	0	1	370	338	707	d__Bacteria	p__Proteobacteria	c__Alphaproteobacteria	o__Sphingomonadales	f__Sphingomonadaceae	g__Sphingomonas	s__	22S2VL55-2.fasta	Plate 6	bc31	25.0923445897449	92165806	7525	25061	6810	12247.9	12791.9	4.4	5	NA	65.75	20	4134728	NA	NA	d__Bacteria;p__Proteobacteria;c__Alphaproteobacteria;o__Sphingomonadales;f__Sphingomonadaceae;g__Sphingomonas;s__	4400000
22S2R2A-6	100	684	0	ASV_1	./22S2R2A-6.ffnDAGOMMBH_03419	370	0	0	1	370	338	707	Unclassified Bacteria	NA	NA	NA	NA	NA	NA	22S2R2A-6.fasta	Plate 3	bc49	25.4379336401731	820601995	141634	11099	3176.5	5793.8	7318	8977900	6	NA	60.26	90	4747977	NA	NA	Unclassified Bacteria	8977900
22S2R2A-4	100	684	0	ASV_1	./22S2R2A-4.ffnNFKDFKDC_06647	370	0	0	1	370	338	707	d__Bacteria	p__Proteobacteria	c__Alphaproteobacteria	o__Sphingomonadales	f__Sphingomonadaceae	g__Sphingomonas	s__	22S2R2A-4.fasta	Plate 3	bc33	16.09534931648	116532791	30555	8750	1577	3813.9	5457.9	9421243	67	NA	60.23	11	549329	NA	NA	d__Bacteria;p__Proteobacteria;c__Alphaproteobacteria;o__Sphingomonadales;f__Sphingomonadaceae;g__Sphingomonas;s__	9421243
22S2PE-4	100	684	0	ASV_1	./22S2PE-4.ffnIMBOBKJC_03006	370	0	0	1	370	334	703	d__Bacteria	p__Proteobacteria	c__Alphaproteobacteria	o__Sphingomonadales	f__Sphingomonadaceae	g__Sphingomonas	s__Sphingomonas aurantiaca	22S2PE-4.fasta	Plate 5	bc37	25.7120377655389	147076926	30512	8692	2735	4820.3	5839.8	4278484	5	NA	65.99	34	4074377	NA	NA	d__Bacteria;p__Proteobacteria;c__Alphaproteobacteria;o__Sphingomonadales;f__Sphingomonadaceae;g__Sphingomonas;s__Sphingomonas aurantiaca	4278484
22S2NFb-7	100	684	0	ASV_1	./22S2NFb-7.ffnLPBIPBNI_02784	370	0	0	1	370	334	703	d__Bacteria	p__Proteobacteria	c__Alphaproteobacteria	o__Sphingomonadales	f__Sphingomonadaceae	g__Sphingomonas	s__	22S2NFb-7.fasta	Plate 7	bc29	16.1222149970909	NA	NA	NA	NA	NA	NA	4246463	1	NA	65.05	86	4246463	NA	NA	d__Bacteria;p__Proteobacteria;c__Alphaproteobacteria;o__Sphingomonadales;f__Sphingomonadaceae;g__Sphingomonas;s__	4246463
22S1VL55-6	100	684	0	ASV_1	./22S1VL55-6.ffnLJLGOKND_06084	370	0	0	1	370	334	703	d__Bacteria	p__Proteobacteria	c__Alphaproteobacteria	o__Sphingomonadales	f__Sphingomonadaceae	g__Sphingomonas	s__	22S1VL55-6.fasta	Plate 6	bc86	32.621711044588	41357300	3971	20965	5932	10414.8	11303.8	4.5	7	NA	65.06	9	2592956	NA	NA	d__Bacteria;p__Proteobacteria;c__Alphaproteobacteria;o__Sphingomonadales;f__Sphingomonadaceae;g__Sphingomonas;s__	4500000
22S1VL55-4	100	684	0	ASV_1	./22S1VL55-4.ffnGADOMPKD_03431	370	0	0	1	370	334	703	d__Bacteria	p__Proteobacteria	c__Alphaproteobacteria	o__Sphingomonadales	f__Sphingomonadaceae	g__Sphingomonas	s__Sphingomonas sp003688625	22S1VL55-4.fasta	Plate 6	bc70	25.1081000647725	54080059	5050	22331	5605	10708.9	11844.9	4.7	13	NA	66.36	10	4011294	NA	NA	d__Bacteria;p__Proteobacteria;c__Alphaproteobacteria;o__Sphingomonadales;f__Sphingomonadaceae;g__Sphingomonas;s__Sphingomonas sp003688625	4700000
22S1VL55-1	100	684	0	ASV_1	./22S1VL55-1.ffnBCDOJGLM_03407	370	0	0	1	370	334	703	d__Bacteria	p__Proteobacteria	c__Alphaproteobacteria	o__Sphingomonadales	f__Sphingomonadaceae	g__Sphingomonas	s__Sphingomonas aurantiaca	22S1VL55-1.fasta	Plate 6	bc46	21.9158657633528	97645212	11239	17165	4826	8688.1	9571.2	4.3	4	NA	66.02	22	3858945	NA	NA	d__Bacteria;p__Proteobacteria;c__Alphaproteobacteria;o__Sphingomonadales;f__Sphingomonadaceae;g__Sphingomonas;s__Sphingomonas aurantiaca	4300000
22S1R2A-9	100	684	0	ASV_1	./22S1R2A-9.ffnAHOJGJCP_03717	370	0	0	1	370	334	703	d__Bacteria	p__Proteobacteria	c__Alphaproteobacteria	o__Sphingomonadales	f__Sphingomonadaceae	g__Sphingomonas	s__Sphingomonas aerolata	22S1R2A-9.fasta	Plate 2	bc56	22.9311494979285	167183850	123875	1612	842	1349.6	1806.9	4396630	21	NA	65.97	35	2290176	NA	NA	d__Bacteria;p__Proteobacteria;c__Alphaproteobacteria;o__Sphingomonadales;f__Sphingomonadaceae;g__Sphingomonas;s__Sphingomonas aerolata	4396630
22S1R2A-4	100	684	0	ASV_1	./22S1R2A-4.ffnCHIAHDNJ_03497	370	0	0	1	370	334	703	d__Bacteria	p__Proteobacteria	c__Alphaproteobacteria	o__Sphingomonadales	f__Sphingomonadaceae	g__Sphingomonas	s__Sphingomonas aerolata	22S1R2A-4.fasta	Plate 2	bc16	5.39902394494769	257834010	68136	6440	2213	3784.1	4483.1	4188198	2	NA	66.08	59	4139938	NA	NA	d__Bacteria;p__Proteobacteria;c__Alphaproteobacteria;o__Sphingomonadales;f__Sphingomonadaceae;g__Sphingomonas;s__Sphingomonas aerolata	4188198
22S1R2A-3	100	684	0	ASV_1	./22S1R2A-3.ffnGNDNEGFG_01090	370	0	0	1	370	334	703	d__Bacteria	p__Proteobacteria	c__Alphaproteobacteria	o__Sphingomonadales	f__Sphingomonadaceae	g__Sphingomonas	s__Sphingomonas aerolata	22S1R2A-3.fasta	Plate 2	bc8	24.5716592935889	97470378	76199	1514	765	1279.2	1796.9	4312287	41	NA	66.09	20	245300	NA	NA	d__Bacteria;p__Proteobacteria;c__Alphaproteobacteria;o__Sphingomonadales;f__Sphingomonadaceae;g__Sphingomonas;s__Sphingomonas aerolata	4312287
22S1PE-3	100	684	0	ASV_1	./22S1PE-3.ffnHABIJJNN_03697	370	0	0	1	370	334	703	d__Bacteria	p__Proteobacteria	c__Alphaproteobacteria	o__Sphingomonadales	f__Sphingomonadaceae	g__Sphingomonas	s__Sphingomonas aurantiaca	22S1PE-3.fasta	Plate 5	bc74	30.0743071946848	209638682	52080	7091	2266	4025.3	4904.1	4200566	3	NA	66.2	49	3856653	NA	NA	d__Bacteria;p__Proteobacteria;c__Alphaproteobacteria;o__Sphingomonadales;f__Sphingomonadaceae;g__Sphingomonas;s__Sphingomonas aurantiaca	4200566
22S1PE-2	100	684	0	ASV_1	./22S1PE-2.ffnFAMNPIPJ_08216	370	0	0	1	370	333	702	d__Bacteria	p__Proteobacteria	c__Alphaproteobacteria	o__Sphingomonadales	f__Sphingomonadaceae	g__Sphingomonas	s__Sphingomonas aurantiaca	22S1PE-2.fasta	Plate 5	bc66	32.9880234286214	131807081	28309	8114	2758	4656	5254.2	8630477	7	NA	69.33	15	4399071	NA	NA	d__Bacteria;p__Proteobacteria;c__Alphaproteobacteria;o__Sphingomonadales;f__Sphingomonadaceae;g__Sphingomonas;s__Sphingomonas aurantiaca	8630477
22S1PE-28	100	684	0	ASV_1	./22S1PE-28.ffnHINJEFHI_04512	370	0	0	1	370	334	703	d__Bacteria	p__Proteobacteria	c__Alphaproteobacteria	o__Sphingomonadales	f__Sphingomonadaceae	g__Sphingomonas	s__Sphingomonas aerolata	22S1PE-28.fasta	Plate 5	bc84	43.7660634670863	337245677	62891	9445	3185	5362.4	6154.1	4085893	2	NA	66.12	81	4047156	NA	NA	d__Bacteria;p__Proteobacteria;c__Alphaproteobacteria;o__Sphingomonadales;f__Sphingomonadaceae;g__Sphingomonas;s__Sphingomonas aerolata	4085893
22S1PE-1	100	684	0	ASV_1	./22S1PE-1.ffnPGDNGNMB_03055	370	0	0	1	370	337	706	d__Bacteria	p__Proteobacteria	c__Alphaproteobacteria	o__Sphingomonadales	f__Sphingomonadaceae	g__Sphingomonas	s__Sphingomonas aurantiaca	22S1PE-1.fasta	Plate 5	bc58	1.68371361132966	76992713	13723	9551	3456	5610.5	6275.6	4198289	3	NA	66.22	17	3854583	NA	NA	d__Bacteria;p__Proteobacteria;c__Alphaproteobacteria;o__Sphingomonadales;f__Sphingomonadaceae;g__Sphingomonas;s__Sphingomonas aurantiaca	4198289
22S1L9-1	100	684	0	ASV_1	./22S1L9-1.ffnOKJANMNO_02309	370	0	0	1	370	334	703	d__Bacteria	p__Proteobacteria	c__Alphaproteobacteria	o__Sphingomonadales	f__Sphingomonadaceae	g__Sphingomonas	s__Sphingomonas aerolata	22S1L9-1.fasta	Plate 8	bc84	23.0619918876103	NA	NA	NA	NA	NA	NA	4307631	2	NA	66.28	35	4039749	NA	NA	d__Bacteria;p__Proteobacteria;c__Alphaproteobacteria;o__Sphingomonadales;f__Sphingomonadaceae;g__Sphingomonas;s__Sphingomonas aerolata	4307631
22R3R2A-9	100	684	0	ASV_1	./22R3R2A-9.ffnLFLKHOJI_04153	370	0	0	1	370	334	703	d__Bacteria	p__Proteobacteria	c__Alphaproteobacteria	o__Sphingomonadales	f__Sphingomonadaceae	g__Sphingomonas	s__Sphingomonas aerolata	22R3R2A-9.fasta	Plate 2	bc71	7.14837441190928	345392088	83950	6883	2500.5	4114.3	4600.8	4303918	1	NA	66.23	78	4303918	NA	NA	d__Bacteria;p__Proteobacteria;c__Alphaproteobacteria;o__Sphingomonadales;f__Sphingomonadaceae;g__Sphingomonas;s__Sphingomonas aerolata	4303918
22R3R2A-7	100	684	0	ASV_1	./22R3R2A-7.ffnJPAEIPAP_03799	370	0	0	1	370	336	705	d__Bacteria	p__Proteobacteria	c__Alphaproteobacteria	o__Sphingomonadales	f__Sphingomonadaceae	g__Sphingomonas	s__Sphingomonas sp001421535	22R3R2A-7.fasta	Plate 2	bc55	2.3075977810547	212658815	64536	5779	1821	3295.2	4198.4	4143406	3	NA	66.29	49	4048512	NA	NA	d__Bacteria;p__Proteobacteria;c__Alphaproteobacteria;o__Sphingomonadales;f__Sphingomonadaceae;g__Sphingomonas;s__Sphingomonas sp001421535	4143406
22R3R2A-4	100	684	0	ASV_1	./22R3R2A-4.ffnOEHOIPCG_04246	370	0	0	1	370	334	703	d__Bacteria	p__Proteobacteria	c__Alphaproteobacteria	o__Sphingomonadales	f__Sphingomonadaceae	g__Sphingomonas	s__	22R3R2A-4.fasta	Plate 2	bc31	25.3616319078716	356797214	147040	4103	1282	2426.5	3460.7	4816747	4	NA	64.76	72	4733518	NA	NA	d__Bacteria;p__Proteobacteria;c__Alphaproteobacteria;o__Sphingomonadales;f__Sphingomonadaceae;g__Sphingomonas;s__	4816747
22R3L9-3	100	684	0	ASV_1	./22R3L9-3.ffnOOENEIKM_02421	370	0	0	1	370	334	703	d__Bacteria	p__Proteobacteria	c__Alphaproteobacteria	o__Sphingomonadales	f__Sphingomonadaceae	g__Sphingomonas	s__Sphingomonas aerolata	22R3L9-3.fasta	Plate 8	bc68	44.6137910624445	NA	NA	NA	NA	NA	NA	4387106	2	NA	66	67	4228142	NA	NA	d__Bacteria;p__Proteobacteria;c__Alphaproteobacteria;o__Sphingomonadales;f__Sphingomonadaceae;g__Sphingomonas;s__Sphingomonas aerolata	4387106
22R3L9-2	100	684	0	ASV_1	./22R3L9-2.ffnACBGBMEI_03762	370	0	0	1	370	334	703	d__Bacteria	p__Proteobacteria	c__Alphaproteobacteria	o__Sphingomonadales	f__Sphingomonadaceae	g__Sphingomonas	s__Sphingomonas aerolata	22R3L9-2.fasta	Plate 8	bc60	24.8542032971816	NA	NA	NA	NA	NA	NA	4174236	2	NA	66.3	27	4164327	NA	NA	d__Bacteria;p__Proteobacteria;c__Alphaproteobacteria;o__Sphingomonadales;f__Sphingomonadaceae;g__Sphingomonas;s__Sphingomonas aerolata	4174236
22R3L9-1	100	684	0	ASV_1	./22R3L9-1.ffnKDDFBJAC_03583	370	0	0	1	370	334	703	d__Bacteria	p__Proteobacteria	c__Alphaproteobacteria	o__Sphingomonadales	f__Sphingomonadaceae	g__Sphingomonas	s__Sphingomonas aerolata	22R3L9-1.fasta	Plate 8	bc52	17.0804101457097	NA	NA	NA	NA	NA	NA	4064342	10	NA	66.38	12	2454362	NA	NA	d__Bacteria;p__Proteobacteria;c__Alphaproteobacteria;o__Sphingomonadales;f__Sphingomonadaceae;g__Sphingomonas;s__Sphingomonas aerolata	4064342
22R2L9-1	100	684	0	ASV_1	./22R2L9-1.ffnBCNKIKKJ_04126	370	0	0	1	370	334	703	d__Bacteria	p__Proteobacteria	c__Alphaproteobacteria	o__Sphingomonadales	f__Sphingomonadaceae	g__Sphingomonas	s__Sphingomonas aerolata	22R2L9-1.fasta	Plate 8	bc20	22.6676879689431	NA	NA	NA	NA	NA	NA	4630522	5	NA	65.69	42	4017734	NA	NA	d__Bacteria;p__Proteobacteria;c__Alphaproteobacteria;o__Sphingomonadales;f__Sphingomonadaceae;g__Sphingomonas;s__Sphingomonas aerolata	4630522
22R1VL55-4	100	684	0	ASV_1	./22R1VL55-4.ffnOLIPFFDM_12314	370	0	0	1	370	338	707	d__Bacteria	p__Proteobacteria	c__Alphaproteobacteria	o__Sphingomonadales	f__Sphingomonadaceae	g__Sphingomonas	s__	22R1VL55-4.fasta	Plate 6	bc5	13.1243106979675	70066357	14821	10964	1994	4727.5	6604	9.8	136	NA	66.41	5	139123	NA	NA	d__Bacteria;p__Proteobacteria;c__Alphaproteobacteria;o__Sphingomonadales;f__Sphingomonadaceae;g__Sphingomonas;s__	9800000
22R1VL55-3	100	684	0	ASV_1	./22R1VL55-3.ffnCNFDENLK_04325	370	0	0	1	370	338	707	d__Bacteria	p__Proteobacteria	c__Alphaproteobacteria	o__Sphingomonadales	f__Sphingomonadaceae	g__Sphingomonas	s__	22R1VL55-3.fasta	Plate 6	bc92	44.4444444444444	614939610	66672	18277	5174	9223.4	10196.9	4.2	2	both yes	64.91	143	3873289	NA	NA	d__Bacteria;p__Proteobacteria;c__Alphaproteobacteria;o__Sphingomonadales;f__Sphingomonadaceae;g__Sphingomonas;s__	4200000
22R1R2A-4	100	684	0	ASV_1	./22R1R2A-4.ffnJLHBNNJH_03199	370	0	0	1	370	334	703	d__Bacteria	p__Proteobacteria	c__Alphaproteobacteria	o__Sphingomonadales	f__Sphingomonadaceae	g__Sphingomonas	s__Sphingomonas sp004340945	22R1R2A-4.fasta	Plate 2	bc92	27.3286637174356	749034335	173250	7640	2491	4323.4	5091.5	4258213	2	NA	65.12	173	3998287	NA	NA	d__Bacteria;p__Proteobacteria;c__Alphaproteobacteria;o__Sphingomonadales;f__Sphingomonadaceae;g__Sphingomonas;s__Sphingomonas sp004340945	4258213
22R1R2A-3	100	684	0	ASV_1	./22R1R2A-3.ffnLHEKEJKL_03333	370	0	0	1	370	338	707	d__Bacteria	p__Proteobacteria	c__Alphaproteobacteria	o__Sphingomonadales	f__Sphingomonadaceae	g__Sphingomonas	s__	22R1R2A-3.fasta	Plate 2	bc84	2.87286707394144	89692374	22686	6724	2375	3953.6	4603.2	4191827	2	NA	65.38	20	4084624	NA	NA	d__Bacteria;p__Proteobacteria;c__Alphaproteobacteria;o__Sphingomonadales;f__Sphingomonadaceae;g__Sphingomonas;s__	4191827
22R1R2A-27	100	684	0	ASV_1	./22R1R2A-27.ffnOLMMPHCC_03794	370	0	0	1	370	334	703	d__Bacteria	p__Proteobacteria	c__Alphaproteobacteria	o__Sphingomonadales	f__Sphingomonadaceae	g__Sphingomonas	s__Sphingomonas aerolata	22R1R2A-27.fasta	Plate 2	bc86	12.9976827469981	193152811	41791	8328	2727	4621.9	5211.5	4182637	3	NA	66.25	45	4096892	NA	NA	d__Bacteria;p__Proteobacteria;c__Alphaproteobacteria;o__Sphingomonadales;f__Sphingomonadaceae;g__Sphingomonas;s__Sphingomonas aerolata	4182637
22R1R2A-24	100	684	0	ASV_1	./22R1R2A-24.ffnLKMJICFB_04022	370	0	0	1	370	338	707	d__Bacteria	p__Proteobacteria	c__Alphaproteobacteria	o__Sphingomonadales	f__Sphingomonadaceae	g__Sphingomonas	s__	22R1R2A-24.fasta	Plate 2	bc62	21.1624885892845	362162054	75825	8181	2940	4776.3	5256.2	4456251	3	NA	65.75	80	4099233	NA	NA	d__Bacteria;p__Proteobacteria;c__Alphaproteobacteria;o__Sphingomonadales;f__Sphingomonadaceae;g__Sphingomonas;s__	4456251
22R1R2A-21	100	684	0	ASV_1	./22R1R2A-21.ffnPMNAFBDN_02740	370	0	0	1	370	334	703	d__Bacteria	p__Proteobacteria	c__Alphaproteobacteria	o__Sphingomonadales	f__Sphingomonadaceae	g__Sphingomonas	s__Sphingomonas sp001421745	22R1R2A-21.fasta	Plate 2	bc38	8.55891440207851	220427804	48705	7577	2779	4525.8	5035.6	4127891	2	NA	65.21	52	4056658	NA	NA	d__Bacteria;p__Proteobacteria;c__Alphaproteobacteria;o__Sphingomonadales;f__Sphingomonadaceae;g__Sphingomonas;s__Sphingomonas sp001421745	4127891
22R1R2A-18	100	684	0	ASV_1	./22R1R2A-18.ffnNHEGCMAN_03480	370	0	0	1	370	334	703	d__Bacteria	p__Proteobacteria	c__Alphaproteobacteria	o__Sphingomonadales	f__Sphingomonadaceae	g__Sphingomonas	s__Sphingomonas sp004340945	22R1R2A-18.fasta	Plate 2	bc14	8.5571589073801	268801556	58349	8381	2589	4606.8	7829.1	4327239	2	NA	65.09	60	4239656	NA	NA	d__Bacteria;p__Proteobacteria;c__Alphaproteobacteria;o__Sphingomonadales;f__Sphingomonadaceae;g__Sphingomonas;s__Sphingomonas sp004340945	4327239
22R1R2A-15	100	684	0	ASV_1	./22R1R2A-15.ffnBOFFEFNI_02746	370	0	0	1	370	334	703	d__Bacteria	p__Proteobacteria	c__Alphaproteobacteria	o__Sphingomonadales	f__Sphingomonadaceae	g__Sphingomonas	s__Sphingomonas sp001421745	22R1R2A-15.fasta	Plate 2	bc85	13.3575591601713	504843093	111574	7623	2817	4524.7	4894.3	4341398	2	NA	64.99	114	4116105	NA	NA	d__Bacteria;p__Proteobacteria;c__Alphaproteobacteria;o__Sphingomonadales;f__Sphingomonadaceae;g__Sphingomonas;s__Sphingomonas sp001421745	4341398
22R1R2A-14	100	684	0	ASV_1	./22R1R2A-14.ffnLEFOPDFO_03032	370	0	0	1	370	334	703	d__Bacteria	p__Proteobacteria	c__Alphaproteobacteria	o__Sphingomonadales	f__Sphingomonadaceae	g__Sphingomonas	s__Sphingomonas aerolata	22R1R2A-14.fasta	Plate 2	bc77	9.41032933080542	399378068	104845	5937	2472	3809.2	3970.8	4197434	3	NA	66.11	96	4142664	NA	NA	d__Bacteria;p__Proteobacteria;c__Alphaproteobacteria;o__Sphingomonadales;f__Sphingomonadaceae;g__Sphingomonas;s__Sphingomonas aerolata	4197434
22R1PE-9	100	684	0	ASV_1	./22R1PE-9.ffnFKLDNOIC_02572	370	0	0	1	370	334	703	d__Bacteria	p__Proteobacteria	c__Alphaproteobacteria	o__Sphingomonadales	f__Sphingomonadaceae	g__Sphingomonas	s__Sphingomonas sp001421745	22R1PE-9.fasta	Plate 4	bc14	14.5817771215148	514595819	93666	10039	3124.5	5493.9	6502.8	4022937	3	NA	65.27	127	3938799	NA	NA	d__Bacteria;p__Proteobacteria;c__Alphaproteobacteria;o__Sphingomonadales;f__Sphingomonadaceae;g__Sphingomonas;s__Sphingomonas sp001421745	4022937
22R1PE-42	100	684	0	ASV_1	./22R1PE-42.ffnANMCNHPN_02316	370	0	0	1	370	334	703	d__Bacteria	p__Proteobacteria	c__Alphaproteobacteria	o__Sphingomonadales	f__Sphingomonadaceae	g__Sphingomonas	s__	22R1PE-42.fasta	Plate 4	bc88	10.4	190262628	28914	12270	3766	6580.3	7465.8	4157846	3	NA	65.08	45	4028296	NA	NA	d__Bacteria;p__Proteobacteria;c__Alphaproteobacteria;o__Sphingomonadales;f__Sphingomonadaceae;g__Sphingomonas;s__	4157846
22R1PE-41	100	684	0	ASV_1	./22R1PE-41.ffnJEBEBEJG_02507	370	0	0	1	370	334	703	d__Bacteria	p__Proteobacteria	c__Alphaproteobacteria	o__Sphingomonadales	f__Sphingomonadaceae	g__Sphingomonas	s__Sphingomonas aurantiaca	22R1PE-41.fasta	Plate 4	bc80	16.0844263007036	359026450	63797	10827	3009	5627.6	7160.3	4327527	4	NA	66.2	83	4139367	NA	NA	d__Bacteria;p__Proteobacteria;c__Alphaproteobacteria;o__Sphingomonadales;f__Sphingomonadaceae;g__Sphingomonas;s__Sphingomonas aurantiaca	4327527
22R1PE-39	100	684	0	ASV_1	./22R1PE-39.ffnFJAKOGNI_02651	370	0	0	1	370	334	703	d__Bacteria	p__Proteobacteria	c__Alphaproteobacteria	o__Sphingomonadales	f__Sphingomonadaceae	g__Sphingomonas	s__Sphingomonas aurantiaca	22R1PE-39.fasta	Plate 4	bc64	11.9421523495179	337480616	62489	10436	2831	5400.6	7245.6	7938950	7	NA	68.49	41	4134222	NA	NA	d__Bacteria;p__Proteobacteria;c__Alphaproteobacteria;o__Sphingomonadales;f__Sphingomonadaceae;g__Sphingomonas;s__Sphingomonas aurantiaca	7938950
22R1PE-32	100	684	0	ASV_1	./22R1PE-32.ffnONOGCPBK_02175	370	0	0	1	370	334	703	d__Bacteria	p__Proteobacteria	c__Alphaproteobacteria	o__Sphingomonadales	f__Sphingomonadaceae	g__Sphingomonas	s__Sphingomonas aurantiaca	22R1PE-32.fasta	Plate 4	bc8	9.63606358030053	132374069	25311	9614	2923	5229.9	6442.4	4147033	1	NA	66.27	31	4147033	NA	NA	d__Bacteria;p__Proteobacteria;c__Alphaproteobacteria;o__Sphingomonadales;f__Sphingomonadaceae;g__Sphingomonas;s__Sphingomonas aurantiaca	4147033
22R1PE-31	100	684	0	ASV_1	./22R1PE-31.ffnGEKPLDNM_02981	370	0	0	1	370	338	707	d__Bacteria	p__Proteobacteria	c__Alphaproteobacteria	o__Sphingomonadales	f__Sphingomonadaceae	g__Sphingomonas	s__	22R1PE-31.fasta	Plate 4	bc95	12.7125857726049	284078275	46703	12006	3211	6082.7	7592.6	4503459	4	NA	64.82	62	3813274	NA	NA	d__Bacteria;p__Proteobacteria;c__Alphaproteobacteria;o__Sphingomonadales;f__Sphingomonadaceae;g__Sphingomonas;s__	4503459
22R1PE-11	100	684	0	ASV_1	./22R1PE-11.ffnBOPBLEBM_03204	370	0	0	1	370	334	703	d__Bacteria	p__Proteobacteria	c__Alphaproteobacteria	o__Sphingomonadales	f__Sphingomonadaceae	g__Sphingomonas	s__Sphingomonas aurantiaca	22R1PE-11.fasta	Plate 4	bc30	27.5505949795883	736012382	131631	10986	2906	5591.5	7368.4	4283469	3	NA	66.24	169	4138940	NA	NA	d__Bacteria;p__Proteobacteria;c__Alphaproteobacteria;o__Sphingomonadales;f__Sphingomonadaceae;g__Sphingomonas;s__Sphingomonas aurantiaca	4283469
22R1L9-4	100	684	0	ASV_1	./22R1L9-4.ffnOAMNAJEA_03386	370	0	0	1	370	334	703	d__Bacteria	p__Proteobacteria	c__Alphaproteobacteria	o__Sphingomonadales	f__Sphingomonadaceae	g__Sphingomonas	s__Sphingomonas aerolata	22R1L9-4.fasta	Plate 8	bc12	34.1843218494856	NA	NA	NA	NA	NA	NA	3775511	6	NA	66.6	9	2197430	NA	NA	d__Bacteria;p__Proteobacteria;c__Alphaproteobacteria;o__Sphingomonadales;f__Sphingomonadaceae;g__Sphingomonas;s__Sphingomonas aerolata	3775511
22R1L9-2	100	684	0	ASV_1	./22R1L9-2.ffnKEKPHFCO_04357	370	0	0	1	370	334	703	d__Bacteria	p__Proteobacteria	c__Alphaproteobacteria	o__Sphingomonadales	f__Sphingomonadaceae	g__Sphingomonas	s__Sphingomonas aerolata	22R1L9-2.fasta	Plate 8	bc91	37.8557874762808	NA	NA	NA	NA	NA	NA	4258708	3	NA	66.17	20	4023354	NA	NA	d__Bacteria;p__Proteobacteria;c__Alphaproteobacteria;o__Sphingomonadales;f__Sphingomonadaceae;g__Sphingomonas;s__Sphingomonas aerolata	4258708
22L3R2A-9	100	684	0	ASV_1	./22L3R2A-9.ffnKKALMMIM_02628	370	0	0	1	370	338	707	d__Bacteria	p__Proteobacteria	c__Alphaproteobacteria	o__Sphingomonadales	f__Sphingomonadaceae	g__Sphingomonas	s__	22L3R2A-9.fasta	Plate 2	bc28	5.72115722210519	131084400	35291	6640	2082	3714.4	4522	4191985	2	NA	65.37	30	4084774	NA	NA	d__Bacteria;p__Proteobacteria;c__Alphaproteobacteria;o__Sphingomonadales;f__Sphingomonadaceae;g__Sphingomonas;s__	4191985
22L3R2A-8	100	684	0	ASV_1	./22L3R2A-8.ffnNFAPFIBE_02612	370	0	0	1	370	334	703	d__Bacteria	p__Proteobacteria	c__Alphaproteobacteria	o__Sphingomonadales	f__Sphingomonadaceae	g__Sphingomonas	s__Sphingomonas sp001421745	22L3R2A-8.fasta	Plate 2	bc20	10.8954778456569	347981219	71035	8738	2868	4898.7	5624.2	4023034	3	NA	65.27	85	3938898	NA	NA	d__Bacteria;p__Proteobacteria;c__Alphaproteobacteria;o__Sphingomonadales;f__Sphingomonadaceae;g__Sphingomonas;s__Sphingomonas sp001421745	4023034
22L3R2A-4	100	684	0	ASV_1	./22L3R2A-4.ffnDLJJKODL_03200	370	0	0	1	370	334	703	d__Bacteria	p__Proteobacteria	c__Alphaproteobacteria	o__Sphingomonadales	f__Sphingomonadaceae	g__Sphingomonas	s__	22L3R2A-4.fasta	Plate 2	bc83	8.90299136296608	309949260	100310	4982	1880	3089.9	3475.4	4151478	2	NA	65.26	72	4112326	NA	NA	d__Bacteria;p__Proteobacteria;c__Alphaproteobacteria;o__Sphingomonadales;f__Sphingomonadaceae;g__Sphingomonas;s__	4151478
22L3R2A-3	100	684	0	ASV_1	./22L3R2A-3.ffnIMIAMKAB_02518	370	0	0	1	370	334	703	d__Bacteria	p__Proteobacteria	c__Alphaproteobacteria	o__Sphingomonadales	f__Sphingomonadaceae	g__Sphingomonas	s__	22L3R2A-3.fasta	Plate 2	bc75	6.61645951829225	251831926	56780	7592	2712	4435.2	4923.7	4564906	5	NA	64.74	54	4278651	NA	NA	d__Bacteria;p__Proteobacteria;c__Alphaproteobacteria;o__Sphingomonadales;f__Sphingomonadaceae;g__Sphingomonas;s__	4564906
22L3R2A-13	100	684	0	ASV_1	./22L3R2A-13.ffnCGJKHBPD_02709	370	0	0	1	370	338	707	d__Bacteria	p__Proteobacteria	c__Alphaproteobacteria	o__Sphingomonadales	f__Sphingomonadaceae	g__Sphingomonas	s__	22L3R2A-13.fasta	Plate 2	bc60	5.257706621726	628703827	143151	7265	2728	4391.9	4909.8	4302146	2	NA	64.91	142	3900907	NA	NA	d__Bacteria;p__Proteobacteria;c__Alphaproteobacteria;o__Sphingomonadales;f__Sphingomonadaceae;g__Sphingomonas;s__	4302146
22L3R2A-10	100	684	0	ASV_1	./22L3R2A-10.ffnEECOIHGL_03408	370	0	0	1	370	338	707	d__Bacteria	p__Proteobacteria	c__Alphaproteobacteria	o__Sphingomonadales	f__Sphingomonadaceae	g__Sphingomonas	s__	22L3R2A-10.fasta	Plate 2	bc36	8.03314373990591	287234008	61993	8374	2632	4633.3	5544.8	4503549	4	NA	64.83	62	3813354	NA	NA	d__Bacteria;p__Proteobacteria;c__Alphaproteobacteria;o__Sphingomonadales;f__Sphingomonadaceae;g__Sphingomonas;s__	4503549
22L3PE-6	100	684	0	ASV_1	./22L3PE-6.ffnELNOFDDC_02874	370	0	0	1	370	334	703	d__Bacteria	p__Proteobacteria	c__Alphaproteobacteria	o__Sphingomonadales	f__Sphingomonadaceae	g__Sphingomonas	s__Sphingomonas aerolata	22L3PE-6.fasta	Plate 4	bc84	18.7353426561279	566624673	94437	11954	3180	6000	7357.1	4262586	2	NA	66.13	131	4199866	NA	NA	d__Bacteria;p__Proteobacteria;c__Alphaproteobacteria;o__Sphingomonadales;f__Sphingomonadaceae;g__Sphingomonas;s__Sphingomonas aerolata	4262586
22L3PE-2	100	684	0	ASV_1	./22L3PE-2.ffnOMGCNDHI_02096	370	0	0	1	370	334	703	d__Bacteria	p__Proteobacteria	c__Gammaproteobacteria	o__Enterobacterales	f__Enterobacteriaceae	g__Pantoea	s__Pantoea agglomerans	22L3PE-2.fasta	Plate 4	bc52	1.54607834621732	111287611	43419	3860	1577	2563.1	3138.5	6658689	94	NA	58.14	15	736560	NA	NA	d__Bacteria;p__Proteobacteria;c__Gammaproteobacteria;o__Enterobacterales;f__Enterobacteriaceae;g__Pantoea;s__Pantoea agglomerans	6658689
22L3PE-12	100	684	0	ASV_1	./22L3PE-12.ffnIMDNBIAB_08622	370	0	0	1	370	333	702	Unclassified Bacteria	NA	NA	NA	NA	NA	NA	22L3PE-12.fasta	Plate 4	bc37	20.1129158342743	587847513	118264	9356	2684	4970.6	6312.2	10648572	13	NA	57.95	51	2278145	NA	NA	Unclassified Bacteria	10648572
22L3L9-2	100	684	0	ASV_1	./22L3L9-2.ffnKDKHEPNJ_02959	370	0	0	1	370	334	703	d__Bacteria	p__Proteobacteria	c__Alphaproteobacteria	o__Sphingomonadales	f__Sphingomonadaceae	g__Sphingomonas	s__Sphingomonas aerolata	22L3L9-2.fasta	Plate 8	bc75	37.0776247758648	NA	NA	NA	NA	NA	NA	4229431	3	NA	65.78	44	3950017	NA	NA	d__Bacteria;p__Proteobacteria;c__Alphaproteobacteria;o__Sphingomonadales;f__Sphingomonadaceae;g__Sphingomonas;s__Sphingomonas aerolata	4229431
22L3L9-1	100	684	0	ASV_1	./22L3L9-1.ffnOJAJLFBI_02780	370	0	0	1	370	334	703	d__Bacteria	p__Proteobacteria	c__Alphaproteobacteria	o__Sphingomonadales	f__Sphingomonadaceae	g__Sphingomonas	s__Sphingomonas aerolata	22L3L9-1.fasta	Plate 8	bc67	36.2951099350661	NA	NA	NA	NA	NA	NA	4379985	5	NA	66.13	18	3946945	NA	NA	d__Bacteria;p__Proteobacteria;c__Alphaproteobacteria;o__Sphingomonadales;f__Sphingomonadaceae;g__Sphingomonas;s__Sphingomonas aerolata	4379985
22L2VL55-5	100	684	0	ASV_1	./22L2VL55-5.ffnEGMBJBOH_03496	370	0	0	1	370	334	703	d__Bacteria	p__Proteobacteria	c__Alphaproteobacteria	o__Sphingomonadales	f__Sphingomonadaceae	g__Sphingomonas	s__Sphingomonas aerolata	22L2VL55-5.fasta	Plate 6	bc12	26.8840922220472	58365030	6628	18570	4662.5	8805.8	10172.9	4.1	5	NA	66.02	13	3951473	NA	NA	d__Bacteria;p__Proteobacteria;c__Alphaproteobacteria;o__Sphingomonadales;f__Sphingomonadaceae;g__Sphingomonas;s__Sphingomonas aerolata	4100000
22L2VL55-3	100	684	0	ASV_1	./22L2VL55-3.ffnDBONKCHP_02681	370	0	0	1	370	334	703	d__Bacteria	p__Proteobacteria	c__Alphaproteobacteria	o__Sphingomonadales	f__Sphingomonadaceae	g__Sphingomonas	s__Sphingomonas sp001421745	22L2VL55-3.fasta	Plate 6	bc91	46.493531502197	127574857	13205	22998	4377	9661.1	11671.4	4.1	3	all yes	64.96	29	3857699	NA	NA	d__Bacteria;p__Proteobacteria;c__Alphaproteobacteria;o__Sphingomonadales;f__Sphingomonadaceae;g__Sphingomonas;s__Sphingomonas sp001421745	4100000
22L2R2A-8	100	684	0	ASV_1	./22L2R2A-8.ffnKHDDKOJB_03050	370	0	0	1	370	338	707	d__Bacteria	p__Proteobacteria	c__Alphaproteobacteria	o__Sphingomonadales	f__Sphingomonadaceae	g__Sphingomonas	s__Sphingomonas sp004340945	22L2R2A-8.fasta	Plate 2	bc66	10.3442525103574	224918723	49614	7900	2670	4533.4	5242.2	4464376	3	NA	65.06	49	4141649	NA	NA	d__Bacteria;p__Proteobacteria;c__Alphaproteobacteria;o__Sphingomonadales;f__Sphingomonadaceae;g__Sphingomonas;s__Sphingomonas sp004340945	4464376
22L2R2A-18	100	684	0	ASV_1	./22L2R2A-18.ffnGJNPCPOH_02986	370	0	0	1	370	334	703	d__Bacteria	p__Proteobacteria	c__Alphaproteobacteria	o__Sphingomonadales	f__Sphingomonadaceae	g__Sphingomonas	s__Sphingomonas sp001421745	22L2R2A-18.fasta	Plate 2	bc51	5.86423004002528	359491556	64813	10112	3129	5546.6	6687.7	4023007	3	NA	65.27	88	3938884	NA	NA	d__Bacteria;p__Proteobacteria;c__Alphaproteobacteria;o__Sphingomonadales;f__Sphingomonadaceae;g__Sphingomonas;s__Sphingomonas sp001421745	4023007
22L2R2A-17	100	684	0	ASV_1	./22L2R2A-17.ffnBLAFJNNI_03033	370	0	0	1	370	338	707	d__Bacteria	p__Proteobacteria	c__Alphaproteobacteria	o__Sphingomonadales	f__Sphingomonadaceae	g__Sphingomonas	s__	22L2R2A-17.fasta	Plate 2	bc43	3.11775858436908	128976351	34380	6906	2005.5	3751.5	4818.9	4503575	4	NA	64.83	27	3813324	NA	NA	d__Bacteria;p__Proteobacteria;c__Alphaproteobacteria;o__Sphingomonadales;f__Sphingomonadaceae;g__Sphingomonas;s__	4503575
22L2R2A-12	100	684	0	ASV_1	./22L2R2A-12.ffnNEAKOPIP_02360	370	0	0	1	370	334	703	d__Bacteria	p__Proteobacteria	c__Alphaproteobacteria	o__Sphingomonadales	f__Sphingomonadaceae	g__Sphingomonas	s__Sphingomonas sp004340945	22L2R2A-12.fasta	Plate 2	bc3	19.2849870093392	490583355	86967	10212	3236	5641	6699.1	4346078	3	NA	65.08	109	3998556	NA	NA	d__Bacteria;p__Proteobacteria;c__Alphaproteobacteria;o__Sphingomonadales;f__Sphingomonadaceae;g__Sphingomonas;s__Sphingomonas sp004340945	4346078
22L2R2A-10	100	684	0	ASV_1	./22L2R2A-10.ffnJHILAEED_02841	370	0	0	1	370	338	707	d__Bacteria	p__Proteobacteria	c__Alphaproteobacteria	o__Sphingomonadales	f__Sphingomonadaceae	g__Sphingomonas	s__Sphingomonas sp004340945	22L2R2A-10.fasta	Plate 2	bc82	18.4247946071203	650354368	138987	7972	2857	4679.2	5327.8	4464001	3	NA	65.05	142	4141301	NA	NA	d__Bacteria;p__Proteobacteria;c__Alphaproteobacteria;o__Sphingomonadales;f__Sphingomonadaceae;g__Sphingomonas;s__Sphingomonas sp004340945	4464001
22L2PE-10	100	684	0	ASV_1	./22L2PE-10.ffnLMKOENBG_02763	370	0	0	1	370	334	703	d__Bacteria	p__Proteobacteria	c__Alphaproteobacteria	o__Sphingomonadales	f__Sphingomonadaceae	g__Sphingomonas	s__Sphingomonas aerolata	22L2PE-10.fasta	Plate 4	bc51	12.8576391904803	587239574	100375	11044	3157	5850.5	7549.6	4060400	2	NA	66.35	142	3992236	NA	NA	d__Bacteria;p__Proteobacteria;c__Alphaproteobacteria;o__Sphingomonadales;f__Sphingomonadaceae;g__Sphingomonas;s__Sphingomonas aerolata	4060400
22L2L9-3	100	684	0	ASV_1	./22L2L9-3.ffnFLCDKNMH_02220	370	0	0	1	370	334	703	d__Bacteria	p__Proteobacteria	c__Alphaproteobacteria	o__Sphingomonadales	f__Sphingomonadaceae	g__Sphingomonas	s__Sphingomonas aerolata	22L2L9-3.fasta	Plate 8	bc59	13.4489842104347	NA	NA	NA	NA	NA	NA	4405599	14	NA	66.08	11	570937	NA	NA	d__Bacteria;p__Proteobacteria;c__Alphaproteobacteria;o__Sphingomonadales;f__Sphingomonadaceae;g__Sphingomonas;s__Sphingomonas aerolata	4405599
22L2L9-1	100	684	0	ASV_1	./22L2L9-1.ffnOFDCMJHP_04350	370	0	0	1	370	334	703	d__Bacteria	p__Proteobacteria	c__Alphaproteobacteria	o__Sphingomonadales	f__Sphingomonadaceae	g__Sphingomonas	s__Sphingomonas aerolata	22L2L9-1.fasta	Plate 8	bc43	8.09846282401685	NA	NA	NA	NA	NA	NA	4802353	8	NA	65.63	18	3201010	NA	NA	d__Bacteria;p__Proteobacteria;c__Alphaproteobacteria;o__Sphingomonadales;f__Sphingomonadaceae;g__Sphingomonas;s__Sphingomonas aerolata	4802353
22L1R2A-8	100	684	0	ASV_1	./22L1R2A-8.ffnGGMAKNOL_02250	370	0	0	1	370	334	703	d__Bacteria	p__Proteobacteria	c__Alphaproteobacteria	o__Sphingomonadales	f__Sphingomonadaceae	g__Sphingomonas	s__Sphingomonas aerolata	22L1R2A-8.fasta	Plate 2	bc33	11.9496524120497	321585602	60166	9874	2985	5345	6410.7	4089863	2	NA	66.14	77	4051067	NA	NA	d__Bacteria;p__Proteobacteria;c__Alphaproteobacteria;o__Sphingomonadales;f__Sphingomonadaceae;g__Sphingomonas;s__Sphingomonas aerolata	4089863
22L1R2A-6	100	684	0	ASV_1	./22L1R2A-6.ffnANLMHDNL_04023	370	0	0	1	370	334	703	d__Bacteria	p__Proteobacteria	c__Alphaproteobacteria	o__Sphingomonadales	f__Sphingomonadaceae	g__Sphingomonas	s__	22L1R2A-6.fasta	Plate 2	bc17	11.4133487816867	98788979	26531	8769	1481	3723.5	5439.3	5097341	5	NA	64.45	18	4137777	NA	NA	d__Bacteria;p__Proteobacteria;c__Alphaproteobacteria;o__Sphingomonadales;f__Sphingomonadaceae;g__Sphingomonas;s__	5097341
22L1R2A-4	100	684	0	ASV_1	./22L1R2A-4.ffnLEJPNJJH_04383	370	0	0	1	370	334	703	d__Bacteria	p__Proteobacteria	c__Alphaproteobacteria	o__Sphingomonadales	f__Sphingomonadaceae	g__Sphingomonas	s__	22L1R2A-4.fasta	Plate 2	bc1	12.74225826838	229834073	46434	9593	2613	4949.7	6245	4559551	3	NA	64.95	49	4243392	NA	NA	d__Bacteria;p__Proteobacteria;c__Alphaproteobacteria;o__Sphingomonadales;f__Sphingomonadaceae;g__Sphingomonas;s__	4559551
22L1R2A-11	100	684	0	ASV_1	./22L1R2A-11.ffnECOCJENP_04160	370	0	0	1	370	334	703	d__Bacteria	p__Proteobacteria	c__Alphaproteobacteria	o__Sphingomonadales	f__Sphingomonadaceae	g__Sphingomonas	s__	22L1R2A-11.fasta	Plate 2	bc57	6.61645951829225	298948595	70583	7034	2593	4235.4	4733.1	4559783	3	NA	64.94	64	4243599	NA	NA	d__Bacteria;p__Proteobacteria;c__Alphaproteobacteria;o__Sphingomonadales;f__Sphingomonadaceae;g__Sphingomonas;s__	4559783
22L1PE-1	100	684	0	ASV_1	./22L1PE-1.ffnCEIMECAF_02789	370	0	0	1	370	334	703	d__Bacteria	p__Proteobacteria	c__Alphaproteobacteria	o__Sphingomonadales	f__Sphingomonadaceae	g__Sphingomonas	s__Sphingomonas aerolata	22L1PE-1.fasta	Plate 4	bc25	7.77555806479632	184811724	30486	11181	3386	6062.2	7617.1	4154837	1	NA	66.19	43	4154837	NA	NA	d__Bacteria;p__Proteobacteria;c__Alphaproteobacteria;o__Sphingomonadales;f__Sphingomonadaceae;g__Sphingomonas;s__Sphingomonas aerolata	4154837
22L1NFb-6	100	684	0	ASV_1	./22L1NFb-6.ffnLFJELNMD_01544	370	0	0	1	370	334	703	d__Bacteria	p__Proteobacteria	c__Alphaproteobacteria	o__Sphingomonadales	f__Sphingomonadaceae	g__Sphingomonas	s__Sphingomonas aerolata	22L1NFb-6.fasta	Plate 8	bc71	12.6081506885086	NA	NA	NA	NA	NA	NA	3581580	130	NA	66.33	5	48838	NA	NA	d__Bacteria;p__Proteobacteria;c__Alphaproteobacteria;o__Sphingomonadales;f__Sphingomonadaceae;g__Sphingomonas;s__Sphingomonas aerolata	3581580
22L1L9-3	100	684	0	ASV_1	./22L1L9-3.ffnALEEJFOP_03904	370	0	0	1	370	334	703	d__Bacteria	p__Proteobacteria	c__Alphaproteobacteria	o__Sphingomonadales	f__Sphingomonadaceae	g__Sphingomonas	s__Sphingomonas aerolata	22L1L9-3.fasta	Plate 8	bc35	16.9846630572916	NA	NA	NA	NA	NA	NA	4187384	2	NA	66.08	28	4139136	NA	NA	d__Bacteria;p__Proteobacteria;c__Alphaproteobacteria;o__Sphingomonadales;f__Sphingomonadaceae;g__Sphingomonas;s__Sphingomonas aerolata	4187384
22L1L9-2	100	684	0	ASV_1	./22L1L9-2.ffnAMFEKMDF_03019	370	0	0	1	370	334	703	d__Bacteria	p__Proteobacteria	c__Alphaproteobacteria	o__Sphingomonadales	f__Sphingomonadaceae	g__Sphingomonas	s__Sphingomonas aerolata	22L1L9-2.fasta	Plate 8	bc27	20.9163866789687	NA	NA	NA	NA	NA	NA	4298123	1	NA	66.23	35	4298123	NA	NA	d__Bacteria;p__Proteobacteria;c__Alphaproteobacteria;o__Sphingomonadales;f__Sphingomonadaceae;g__Sphingomonas;s__Sphingomonas aerolata	4298123
22L1L9-1	100	684	0	ASV_1	./22L1L9-1.ffnNJJHCAEB_02080	370	0	0	1	370	333	702	d__Bacteria	p__Proteobacteria	c__Alphaproteobacteria	o__Sphingomonadales	f__Sphingomonadaceae	g__Sphingomonas	s__Sphingomonas aerolata	22L1L9-1.fasta	Plate 8	bc19	24.6583569799627	NA	NA	NA	NA	NA	NA	4096889	11	NA	66.09	8	915927	NA	NA	d__Bacteria;p__Proteobacteria;c__Alphaproteobacteria;o__Sphingomonadales;f__Sphingomonadaceae;g__Sphingomonas;s__Sphingomonas aerolata	4096889
22H3R2A-4	100	684	0	ASV_1	./22H3R2A-4.ffnMMCMPEIH_01670	370	0	0	1	370	338	707	d__Bacteria	p__Proteobacteria	c__Alphaproteobacteria	o__Sphingomonadales	f__Sphingomonadaceae	g__Sphingomonas	s__	22H3R2A-4.fasta	Plate 1	bc24	2.60963990472187	83438228	29217	6997	2748	4277.3	4482.1	4336638	3	NA	65.29	0	4151018	NA	NA	d__Bacteria;p__Proteobacteria;c__Alphaproteobacteria;o__Sphingomonadales;f__Sphingomonadaceae;g__Sphingomonas;s__	4336638
22H3PE-5	100	684	0	ASV_1	./22H3PE-5.ffnOFLGJBCF_05488	370	0	0	1	370	334	703	d__Bacteria	p__Proteobacteria	c__Alphaproteobacteria	o__Sphingomonadales	f__Sphingomonadaceae	g__Sphingomonas	s__	22H3PE-5.fasta	Plate 3	bc96	8.469	26519575	4063	11371	4138	6527.1	6996.1	4437810	33	NA	66.17	5	329667	NA	NA	d__Bacteria;p__Proteobacteria;c__Alphaproteobacteria;o__Sphingomonadales;f__Sphingomonadaceae;g__Sphingomonas;s__	4437810
22H3L9-5	100	684	0	ASV_1	./22H3L9-5.ffnCAEINCLG_03060	370	0	0	1	370	334	703	d__Bacteria	p__Proteobacteria	c__Alphaproteobacteria	o__Sphingomonadales	f__Sphingomonadaceae	g__Sphingomonas	s__Sphingomonas aerolata	22H3L9-5.fasta	Plate 8	bc11	31.6940271225389	NA	NA	NA	NA	NA	NA	4233161	1	NA	66.15	18	4233161	NA	NA	d__Bacteria;p__Proteobacteria;c__Alphaproteobacteria;o__Sphingomonadales;f__Sphingomonadaceae;g__Sphingomonas;s__Sphingomonas aerolata	4233161
22H3L9-4	100	684	0	ASV_1	./22H3L9-4.ffnMJKPHIGF_03134	370	0	0	1	370	334	703	d__Bacteria	p__Proteobacteria	c__Alphaproteobacteria	o__Sphingomonadales	f__Sphingomonadaceae	g__Sphingomonas	s__Sphingomonas aerolata	22H3L9-4.fasta	Plate 8	bc03	21.360304997998	NA	NA	NA	NA	NA	NA	4279279	2	NA	66.06	16	4233148	NA	NA	d__Bacteria;p__Proteobacteria;c__Alphaproteobacteria;o__Sphingomonadales;f__Sphingomonadaceae;g__Sphingomonas;s__Sphingomonas aerolata	4279279
22H3L9-3	100	684	0	ASV_1	./22H3L9-3.ffnHLJKIGNI_05003	370	0	0	1	370	334	703	d__Bacteria	p__Proteobacteria	c__Alphaproteobacteria	o__Sphingomonadales	f__Sphingomonadaceae	g__Sphingomonas	s__Sphingomonas aerolata	22H3L9-3.fasta	Plate 8	bc90	14.6884737914106	NA	NA	NA	NA	NA	NA	4746914	18	NA	65.61	11	1132439	NA	NA	d__Bacteria;p__Proteobacteria;c__Alphaproteobacteria;o__Sphingomonadales;f__Sphingomonadaceae;g__Sphingomonas;s__Sphingomonas aerolata	4746914
22H2R2A-8	100	684	0	ASV_1	./22H2R2A-8.ffnFFHBEIFE_03738	370	0	0	1	370	337	706	d__Bacteria	p__Proteobacteria	c__Alphaproteobacteria	o__Sphingomonadales	f__Sphingomonadaceae	g__Sphingomonas	s__	22H2R2A-8.fasta	Plate 1	bc15	6.01443183410397	196936901	44096	7372	2863	4466.1	4648.9	4254092	4	NA	65.39	45	3916094	NA	NA	d__Bacteria;p__Proteobacteria;c__Alphaproteobacteria;o__Sphingomonadales;f__Sphingomonadaceae;g__Sphingomonas;s__	4254092
22H2R2A-10	100	684	0	ASV_1	./22H2R2A-10.ffnLKKNBJEH_04296	370	0	0	1	370	334	703	d__Bacteria	p__Proteobacteria	c__Alphaproteobacteria	o__Sphingomonadales	f__Sphingomonadaceae	g__Sphingomonas	s__	22H2R2A-10.fasta	Plate 1	bc31	3.49148802017654	68348251	44125	8339	2796	4704.9	5279.2	4297019	10	NA	65.39	2	2228016	NA	NA	d__Bacteria;p__Proteobacteria;c__Alphaproteobacteria;o__Sphingomonadales;f__Sphingomonadaceae;g__Sphingomonas;s__	4297019
22H2PE-9	100	684	0	ASV_1	./22H2PE-9.ffnBPFODKNC_03291	370	0	0	1	370	334	703	d__Bacteria	p__Proteobacteria	c__Alphaproteobacteria	o__Sphingomonadales	f__Sphingomonadaceae	g__Sphingomonas	s__Sphingomonas aurantiaca	22H2PE-9.fasta	Plate 3	bc48	12.5008586934121	164638126	26936	11117	3600	6112.2	6785.9	4371747	4	NA	65.98	37	4058255	NA	NA	d__Bacteria;p__Proteobacteria;c__Alphaproteobacteria;o__Sphingomonadales;f__Sphingomonadaceae;g__Sphingomonas;s__Sphingomonas aurantiaca	4371747
22H2PE-8	100	684	0	ASV_1	./22H2PE-8.ffnFLOOMOJI_00358	370	0	0	1	370	334	703	d__Bacteria	p__Proteobacteria	c__Alphaproteobacteria	o__Sphingomonadales	f__Sphingomonadaceae	g__Sphingomonas	s__	22H2PE-8.fasta	Plate 3	bc40	3.3592086281514	46062828	31966	1773	967	1441	2056.1	4220365	516	NA	64.58	8	11782	NA	NA	d__Bacteria;p__Proteobacteria;c__Alphaproteobacteria;o__Sphingomonadales;f__Sphingomonadaceae;g__Sphingomonas;s__	4220365
22H2PE-7	100	684	0	ASV_1	./22H2PE-7.ffnJEBCOPAI_02217	370	0	0	1	370	334	703	d__Bacteria	p__Proteobacteria	c__Alphaproteobacteria	o__Sphingomonadales	f__Sphingomonadaceae	g__Sphingomonas	s__Sphingomonas aurantiaca	22H2PE-7.fasta	Plate 3	bc32	19.6675139108333	423926398	83444	10011	2641	5080.4	6447.9	4272429	3	NA	66.04	96	4077499	NA	NA	d__Bacteria;p__Proteobacteria;c__Alphaproteobacteria;o__Sphingomonadales;f__Sphingomonadaceae;g__Sphingomonas;s__Sphingomonas aurantiaca	4272429
22H2PE-6	100	684	0	ASV_1	./22H2PE-6.ffnHBOJEKAH_10407	370	0	0	1	370	333	702	Unclassified Bacteria	NA	NA	NA	NA	NA	NA	22H2PE-6.fasta	Plate 3	bc24	3.02345950401869	164233322	36589	7606	2768	4488.6	4947.3	8283850	88	NA	69.27	17	162604	NA	NA	Unclassified Bacteria	8283850
22H2L9-5	100	684	0	ASV_1	./22H2L9-5.ffnGABGJLPL_04793	370	0	0	1	370	334	703	d__Bacteria	p__Proteobacteria	c__Alphaproteobacteria	o__Sphingomonadales	f__Sphingomonadaceae	g__Sphingomonas	s__Sphingomonas aerolata	22H2L9-5.fasta	Plate 8	bc66	39.2484723987257	NA	NA	NA	NA	NA	NA	4400133	4	NA	66	11	3881881	NA	NA	d__Bacteria;p__Proteobacteria;c__Alphaproteobacteria;o__Sphingomonadales;f__Sphingomonadaceae;g__Sphingomonas;s__Sphingomonas aerolata	4400133
22H2L9-4	100	684	0	ASV_1	./22H2L9-4.ffnMPJOCBIP_05638	370	0	0	1	370	334	703	d__Bacteria	p__Proteobacteria	c__Alphaproteobacteria	o__Sphingomonadales	f__Sphingomonadaceae	g__Sphingomonas	s__Sphingomonas aerolata	22H2L9-4.fasta	Plate 8	bc58	28.7815747784761	NA	NA	NA	NA	NA	NA	4784562	17	NA	65.82	9	1060543	NA	NA	d__Bacteria;p__Proteobacteria;c__Alphaproteobacteria;o__Sphingomonadales;f__Sphingomonadaceae;g__Sphingomonas;s__Sphingomonas aerolata	4784562
22H2L9-3	100	684	0	ASV_1	./22H2L9-3.ffnKMLEHOHA_04061	370	0	0	1	370	336	705	d__Bacteria	p__Proteobacteria	c__Alphaproteobacteria	o__Sphingomonadales	f__Sphingomonadaceae	g__Sphingomonas	s__Sphingomonas sp001421535	22H2L9-3.fasta	Plate 8	bc50	19.9214873874972	NA	NA	NA	NA	NA	NA	3905694	3	NA	66.28	13	3814791	NA	NA	d__Bacteria;p__Proteobacteria;c__Alphaproteobacteria;o__Sphingomonadales;f__Sphingomonadaceae;g__Sphingomonas;s__Sphingomonas sp001421535	3905694
22H2L9-1	100	684	0	ASV_1	./22H2L9-1.ffnJAKOBOHO_02900	370	0	0	1	370	334	703	d__Bacteria	p__Proteobacteria	c__Alphaproteobacteria	o__Sphingomonadales	f__Sphingomonadaceae	g__Sphingomonas	s__Sphingomonas aerolata	22H2L9-1.fasta	Plate 8	bc34	27.5812544609439	NA	NA	NA	NA	NA	NA	4246307	5	NA	66.05	17	2795058	NA	NA	d__Bacteria;p__Proteobacteria;c__Alphaproteobacteria;o__Sphingomonadales;f__Sphingomonadaceae;g__Sphingomonas;s__Sphingomonas aerolata	4246307
22H1R2A-2	100	684	0	ASV_1	./22H1R2A-2.ffnAPFIMKMC_01938	370	0	0	1	370	338	707	d__Bacteria	p__Proteobacteria	c__Alphaproteobacteria	o__Sphingomonadales	f__Sphingomonadaceae	g__Sphingomonas	s__	22H1R2A-2.fasta	Plate 1	bc28	4.50206669468965	138196171	68521	8139	2770	4640.4	5194.7	4470935	3	NA	64.9	0	4110678	NA	NA	d__Bacteria;p__Proteobacteria;c__Alphaproteobacteria;o__Sphingomonadales;f__Sphingomonadaceae;g__Sphingomonas;s__	4470935
22H1PE-9	100	684	0	ASV_1	./22H1PE-9.ffnNBHBKGKJ_02578	370	0	0	1	370	334	703	d__Bacteria	p__Proteobacteria	c__Alphaproteobacteria	o__Sphingomonadales	f__Sphingomonadaceae	g__Sphingomonas	s__Sphingomonas aerolata	22H1PE-9.fasta	Plate 3	bc23	19.4777426667583	434671239	91475	8427	2775	4751.8	5463.5	4299501	3	NA	65.99	99	3812883	NA	NA	d__Bacteria;p__Proteobacteria;c__Alphaproteobacteria;o__Sphingomonadales;f__Sphingomonadaceae;g__Sphingomonas;s__Sphingomonas aerolata	4299501
22H1PE-7	100	684	0	ASV_1	./22H1PE-7.ffnHGJFAJNE_03932	370	0	0	1	370	334	703	d__Bacteria	p__Proteobacteria	c__Alphaproteobacteria	o__Sphingomonadales	f__Sphingomonadaceae	g__Sphingomonas	s__Sphingomonas aerolata	22H1PE-7.fasta	Plate 3	bc7	15.4891117675345	361256895	65061	9792	3352	5552.6	6083.6	4150739	3	NA	66.02	85	4001926	NA	NA	d__Bacteria;p__Proteobacteria;c__Alphaproteobacteria;o__Sphingomonadales;f__Sphingomonadaceae;g__Sphingomonas;s__Sphingomonas aerolata	4150739
22H1PE-6	100	684	0	ASV_1	./22H1PE-6.ffnFOMPAMFN_03354	370	0	0	1	370	334	703	d__Bacteria	p__Proteobacteria	c__Alphaproteobacteria	o__Sphingomonadales	f__Sphingomonadaceae	g__Sphingomonas	s__Sphingomonas aurantiaca	22H1PE-6.fasta	Plate 3	bc94	22.8077557188981	791505041	109809	13577	4118	7208	8315.7	4486419	3	NA	66.12	175	4216814	NA	NA	d__Bacteria;p__Proteobacteria;c__Alphaproteobacteria;o__Sphingomonadales;f__Sphingomonadaceae;g__Sphingomonas;s__Sphingomonas aurantiaca	4486419
22H1PE-4	100	684	0	ASV_1	./22H1PE-4.ffnDAGHDKOB_03342	370	0	0	1	370	334	703	d__Bacteria	p__Proteobacteria	c__Alphaproteobacteria	o__Sphingomonadales	f__Sphingomonadaceae	g__Sphingomonas	s__	22H1PE-4.fasta	Plate 3	bc78	8.32159785670124	307870519	49866	10861	3801	6174	6771	4480619	2	NA	65.94	67	4256482	NA	NA	d__Bacteria;p__Proteobacteria;c__Alphaproteobacteria;o__Sphingomonadales;f__Sphingomonadaceae;g__Sphingomonas;s__	4480619
22H1PE-3	100	684	0	ASV_1	./22H1PE-3.ffnEHNALAKG_02804	370	0	0	1	370	334	703	d__Bacteria	p__Proteobacteria	c__Alphaproteobacteria	o__Sphingomonadales	f__Sphingomonadaceae	g__Sphingomonas	s__Sphingomonas sp001421745	22H1PE-3.fasta	Plate 3	bc70	13.5871058597238	440580599	71081	11752	3471	6198.3	7700.2	4144004	1	NA	65.27	101	4144004	NA	NA	d__Bacteria;p__Proteobacteria;c__Alphaproteobacteria;o__Sphingomonadales;f__Sphingomonadaceae;g__Sphingomonas;s__Sphingomonas sp001421745	4144004
22H1PE-15	100	684	0	ASV_1	./22H1PE-15.ffnAMMOGLFE_03746	370	0	0	1	370	334	703	d__Bacteria	p__Proteobacteria	c__Alphaproteobacteria	o__Sphingomonadales	f__Sphingomonadaceae	g__Sphingomonas	s__Sphingomonas aurantiaca	22H1PE-15.fasta	Plate 3	bc71	5.19337775640585	326603569	75750	8196	2332	4311.6	5216.2	4714611	5	NA	65.66	62	4121045	NA	NA	d__Bacteria;p__Proteobacteria;c__Alphaproteobacteria;o__Sphingomonadales;f__Sphingomonadaceae;g__Sphingomonas;s__Sphingomonas aurantiaca	4714611
22H1PE-13	100	684	0	ASV_1	./22H1PE-13.ffnGGJCFFLI_01916	370	0	0	1	370	334	703	d__Bacteria	p__Proteobacteria	c__Alphaproteobacteria	o__Sphingomonadales	f__Sphingomonadaceae	g__Sphingomonas	s__Sphingomonas aerolata	22H1PE-13.fasta	Plate 3	bc55	10.2974513979529	649436067	154313	7647	2344	4208.6	5144.8	4414413	5	NA	65.9	143	3872955	NA	NA	d__Bacteria;p__Proteobacteria;c__Alphaproteobacteria;o__Sphingomonadales;f__Sphingomonadaceae;g__Sphingomonas;s__Sphingomonas aerolata	4414413
22H1PE-11	100	684	0	ASV_1	./22H1PE-11.ffnBCMFDOJG_02999	370	0	0	1	370	334	703	d__Bacteria	p__Proteobacteria	c__Alphaproteobacteria	o__Sphingomonadales	f__Sphingomonadaceae	g__Sphingomonas	s__	22H1PE-11.fasta	Plate 3	bc39	16.1056536374253	356779257	75758	8874	2527	4709.5	5935.5	4401409	1	NA	65.11	79	4401409	NA	NA	d__Bacteria;p__Proteobacteria;c__Alphaproteobacteria;o__Sphingomonadales;f__Sphingomonadaceae;g__Sphingomonas;s__	4401409
22H1PE-10	100	684	0	ASV_1	./22H1PE-10.ffnNOAAKPME_04208	370	0	0	1	370	334	703	d__Bacteria	p__Proteobacteria	c__Alphaproteobacteria	o__Sphingomonadales	f__Sphingomonadaceae	g__Sphingomonas	s__	22H1PE-10.fasta	Plate 3	bc31	7.86563165487394	222903954	47285	8765	2606	4714.1	5726.8	5032510	1	NA	64.78	43	5032510	NA	NA	d__Bacteria;p__Proteobacteria;c__Alphaproteobacteria;o__Sphingomonadales;f__Sphingomonadaceae;g__Sphingomonas;s__	5032510
22H1L9-1	100	684	0	ASV_1	./22H1L9-1.ffnNKPILCKI_03216	370	0	0	1	370	334	703	d__Bacteria	p__Proteobacteria	c__Alphaproteobacteria	o__Sphingomonadales	f__Sphingomonadaceae	g__Sphingomonas	s__Sphingomonas aerolata	22H1L9-1.fasta	Plate 8	bc26	20.4010932576641	NA	NA	NA	NA	NA	NA	4909886	9	NA	65.42	21	4038715	NA	NA	d__Bacteria;p__Proteobacteria;c__Alphaproteobacteria;o__Sphingomonadales;f__Sphingomonadaceae;g__Sphingomonas;s__Sphingomonas aerolata	4909886
22A3VL55-7	100	684	0	ASV_1	./22A3VL55-7.ffnEKFAKCLG_01994	370	0	0	1	370	334	703	Unclassified Bacteria	NA	NA	NA	NA	NA	NA	22A3VL55-7.fasta	Plate 5	bc80	34.3168109100446	115556059	36985	6096	1545	3124.4	4107.7	7743058	109	NA	68.62	14	238013	NA	NA	Unclassified Bacteria	7743058
22A3R2A-9	100	684	0	ASV_1	./22A3R2A-9.ffnLPFMHJMK_02503	370	0	0	1	370	334	703	d__Bacteria	p__Proteobacteria	c__Alphaproteobacteria	o__Sphingomonadales	f__Sphingomonadaceae	g__Sphingomonas	s__Sphingomonas aerolata	22A3R2A-9.fasta	Plate 1	bc91	5.98115454672832	321189385	31174	11262	3774	6266.3	6999.6	4058894	1	NA	66	0	4058894	NA	NA	d__Bacteria;p__Proteobacteria;c__Alphaproteobacteria;o__Sphingomonadales;f__Sphingomonadaceae;g__Sphingomonas;s__Sphingomonas aerolata	4058894
22A3R2A-5	100	684	0	ASV_1	./22A3R2A-5.ffnPBLHCGAH_02084	370	0	0	1	370	332	701	d__Bacteria	p__Proteobacteria	c__Alphaproteobacteria	o__Sphingomonadales	f__Sphingomonadaceae	g__Sphingomonas	s__Sphingomonas aerolata	22A3R2A-5.fasta	Plate 1	bc59	3.04925038531596	74394416	31130	6140	2111	3601.1	4249.9	4104951	6	NA	65.94	1	3982272	NA	NA	d__Bacteria;p__Proteobacteria;c__Alphaproteobacteria;o__Sphingomonadales;f__Sphingomonadaceae;g__Sphingomonas;s__Sphingomonas aerolata	4104951
22A3R2A-1	100	684	0	ASV_1	./22A3R2A-1.ffnCEAMNFHM_03371	370	0	0	1	370	334	703	d__Bacteria	p__Proteobacteria	c__Alphaproteobacteria	o__Sphingomonadales	f__Sphingomonadaceae	g__Sphingomonas	s__Sphingomonas aerolata	22A3R2A-1.fasta	Plate 1	bc27	4.61591004623792	260572275	53802	9438	2564	4843.2	6069.9	4224688	4	NA	66.2	61	3961266	NA	NA	d__Bacteria;p__Proteobacteria;c__Alphaproteobacteria;o__Sphingomonadales;f__Sphingomonadaceae;g__Sphingomonas;s__Sphingomonas aerolata	4224688
22A3R2A-11	100	684	0	ASV_1	./22A3R2A-11.ffnNDDOMLIO_01093	370	0	0	1	370	334	703	d__Bacteria	p__Proteobacteria	c__Alphaproteobacteria	o__Sphingomonadales	f__Sphingomonadaceae	g__Sphingomonas	s__Sphingomonas aerolata	22A3R2A-11.fasta	Plate 1	bc12	2.85659240577273	62955972	46233	4982	1782.5	3018	3381.2	4208715	16	NA	66.27	1	1229998	NA	NA	d__Bacteria;p__Proteobacteria;c__Alphaproteobacteria;o__Sphingomonadales;f__Sphingomonadaceae;g__Sphingomonas;s__Sphingomonas aerolata	4208715
22A3PE-9	100	684	0	ASV_1	./22A3PE-9.ffnOLINNAEC_02819	370	0	0	1	370	338	707	Unclassified Bacteria	NA	NA	NA	NA	NA	NA	22A3PE-9.fasta	Plate 3	bc93	14.2139520505599	989864096	260947	7261	1985	3793.4	4849.1	8070533	8	NA	54.54	118	3190762	NA	NA	Unclassified Bacteria	8070533
22A3PE-1	100	684	0	ASV_1	./22A3PE-1.ffnNENAMOPJ_03151	370	0	0	1	370	334	703	d__Bacteria	p__Proteobacteria	c__Alphaproteobacteria	o__Sphingomonadales	f__Sphingomonadaceae	g__Sphingomonas	s__Sphingomonas aerolata	22A3PE-1.fasta	Plate 3	bc29	27.6267431476266	675533886	129570	9753	2902	5213.7	6242	4307154	2	NA	66.06	155	4264474	NA	NA	d__Bacteria;p__Proteobacteria;c__Alphaproteobacteria;o__Sphingomonadales;f__Sphingomonadaceae;g__Sphingomonas;s__Sphingomonas aerolata	4307154
22A3PE-14	100	684	0	ASV_1	./22A3PE-14.ffnMFAEGAGH_02285	370	0	0	1	370	333	702	Unclassified Bacteria	NA	NA	NA	NA	NA	NA	22A3PE-14.fasta	Plate 3	bc38	13.044411623274	704600734	172300	7159	2392	4089.4	4799.3	12550451	8	NA	65.74	55	3401446	NA	NA	Unclassified Bacteria	12550451
22A3PE-11	100	684	0	ASV_1	./22A3PE-11.ffnBNCCLAKJ_06894	370	0	0	1	370	338	707	d__Bacteria	p__Proteobacteria	c__Alphaproteobacteria	o__Sphingomonadales	f__Sphingomonadaceae	g__Sphingomonas	s__Sphingomonas sp004340945	22A3PE-11.fasta	Plate 3	bc14	13.0323899155046	453258948	77013	10985	3362	5885.5	6789.5	7715686	5	NA	67.73	58	3983456	NA	NA	d__Bacteria;p__Proteobacteria;c__Alphaproteobacteria;o__Sphingomonadales;f__Sphingomonadaceae;g__Sphingomonas;s__Sphingomonas sp004340945	7715686
22A3L9-5	100	684	0	ASV_1	./22A3L9-5.ffnDNKGAFJB_02520	370	0	0	1	370	334	703	d__Bacteria	p__Proteobacteria	c__Alphaproteobacteria	o__Sphingomonadales	f__Sphingomonadaceae	g__Sphingomonas	s__Sphingomonas aerolata	22A3L9-5.fasta	Plate 8	bc18	34.6813362811831	NA	NA	NA	NA	NA	NA	4076188	7	NA	66.01	13	1007936	NA	NA	d__Bacteria;p__Proteobacteria;c__Alphaproteobacteria;o__Sphingomonadales;f__Sphingomonadaceae;g__Sphingomonas;s__Sphingomonas aerolata	4076188
22A3L9-4	100	684	0	ASV_1	./22A3L9-4.ffnLNFIIBMC_03299	370	0	0	1	370	334	703	d__Bacteria	p__Proteobacteria	c__Alphaproteobacteria	o__Sphingomonadales	f__Sphingomonadaceae	g__Sphingomonas	s__	22A3L9-4.fasta	Plate 8	bc10	39.7994533711679	NA	NA	NA	NA	NA	NA	3782391	70	NA	67.76	5	113160	NA	NA	d__Bacteria;p__Proteobacteria;c__Alphaproteobacteria;o__Sphingomonadales;f__Sphingomonadaceae;g__Sphingomonas;s__	3782391
22A3L9-3	100	684	0	ASV_1	./22A3L9-3.ffnNCCAGCBC_03420	370	0	0	1	370	334	703	d__Bacteria	p__Proteobacteria	c__Alphaproteobacteria	o__Sphingomonadales	f__Sphingomonadaceae	g__Sphingomonas	s__	22A3L9-3.fasta	Plate 8	bc02	17.6870985150497	NA	NA	NA	NA	NA	NA	3683999	2	NA	67.37	40	3538736	NA	NA	d__Bacteria;p__Proteobacteria;c__Alphaproteobacteria;o__Sphingomonadales;f__Sphingomonadaceae;g__Sphingomonas;s__	3683999
22A3L9-2	100	684	0	ASV_1	./22A3L9-2.ffnBFNHDGAL_04776	370	0	0	1	370	334	703	d__Bacteria	p__Proteobacteria	c__Alphaproteobacteria	o__Sphingomonadales	f__Sphingomonadaceae	g__Sphingomonas	s__Sphingomonas aerolata	22A3L9-2.fasta	Plate 8	bc89	37.2647668123183	NA	NA	NA	NA	NA	NA	3491513	59	NA	66.55	4	82911	NA	NA	d__Bacteria;p__Proteobacteria;c__Alphaproteobacteria;o__Sphingomonadales;f__Sphingomonadaceae;g__Sphingomonas;s__Sphingomonas aerolata	3491513
22A3L9-1	100	684	0	ASV_1	./22A3L9-1.ffnNLBFGIGL_03175	370	0	0	1	370	334	703	d__Bacteria	p__Proteobacteria	c__Alphaproteobacteria	o__Sphingomonadales	f__Sphingomonadaceae	g__Sphingomonas	s__Sphingomonas aerolata	22A3L9-1.fasta	Plate 8	bc81	11.9074560869035	NA	NA	NA	NA	NA	NA	4058558	5	NA	66.03	14	2734273	NA	NA	d__Bacteria;p__Proteobacteria;c__Alphaproteobacteria;o__Sphingomonadales;f__Sphingomonadaceae;g__Sphingomonas;s__Sphingomonas aerolata	4058558
22A2R2A-4	100	684	0	ASV_1	./22A2R2A-4.ffnOHCKFHOL_04326	370	0	0	1	370	334	703	d__Bacteria	p__Proteobacteria	c__Alphaproteobacteria	o__Sphingomonadales	f__Sphingomonadaceae	g__Sphingomonas	s__Sphingomonas aerolata	22A2R2A-4.fasta	Plate 1	bc66	13.5149572649573	156066884	28309	8803	3242	5186	5701.8	4306699	2	NA	66.05	9	4264021	NA	NA	d__Bacteria;p__Proteobacteria;c__Alphaproteobacteria;o__Sphingomonadales;f__Sphingomonadaceae;g__Sphingomonas;s__Sphingomonas aerolata	4306699
22A2R2A-2	100	684	0	ASV_1	./22A2R2A-2.ffnOIHICPNN_03465	370	0	0	1	370	334	703	d__Bacteria	p__Proteobacteria	c__Alphaproteobacteria	o__Sphingomonadales	f__Sphingomonadaceae	g__Sphingomonas	s__Sphingomonas aerolata	22A2R2A-2.fasta	Plate 1	bc50	4.92416281350708	137537768	5719	7082	2687	4265.3	4525	4262926	1	NA	66.13	0	4262926	NA	NA	d__Bacteria;p__Proteobacteria;c__Alphaproteobacteria;o__Sphingomonadales;f__Sphingomonadaceae;g__Sphingomonas;s__Sphingomonas aerolata	4262926
22A2R2A-10	100	684	0	ASV_1	./22A2R2A-10.ffnOEBDFKOK_04387	370	0	0	1	370	334	703	d__Bacteria	p__Proteobacteria	c__Alphaproteobacteria	o__Sphingomonadales	f__Sphingomonadaceae	g__Sphingomonas	s__Sphingomonas aerolata	22A2R2A-10.fasta	Plate 1	bc19	6.49432534678436	204617364	20109	7321	2591	4253.5	4633.2	4387163	6	NA	65.82	0	3986058	NA	NA	d__Bacteria;p__Proteobacteria;c__Alphaproteobacteria;o__Sphingomonadales;f__Sphingomonadaceae;g__Sphingomonas;s__Sphingomonas aerolata	4387163
22A2PE-5	100	684	0	ASV_1	./22A2PE-5.ffnDKDJINAM_04019	370	0	0	1	370	334	703	d__Bacteria	p__Proteobacteria	c__Alphaproteobacteria	o__Sphingomonadales	f__Sphingomonadaceae	g__Sphingomonas	s__Sphingomonas aerolata	22A2PE-5.fasta	Plate 3	bc76	24.2211650752215	954311205	196545	8352	2970	4855.4	5338.5	4413122	6	NA	66.14	203	4265233	NA	NA	d__Bacteria;p__Proteobacteria;c__Alphaproteobacteria;o__Sphingomonadales;f__Sphingomonadaceae;g__Sphingomonas;s__Sphingomonas aerolata	4413122
22A2PE-4	100	684	0	ASV_1	./22A2PE-4.ffnLJJCANGB_03619	370	0	0	1	370	334	703	Unclassified Bacteria	NA	NA	NA	NA	NA	NA	22A2PE-4.fasta	Plate 3	bc68	9.8045613794051	762789291	171418	7513	2747	4449.9	4848.2	10327773	3	NA	62.64	71	6317001	NA	NA	Unclassified Bacteria	10327773
22A2L9-5	100	684	0	ASV_1	./22A2L9-5.ffnGMMEANHL_03130	370	0	0	1	370	334	703	d__Bacteria	p__Proteobacteria	c__Alphaproteobacteria	o__Sphingomonadales	f__Sphingomonadaceae	g__Sphingomonas	s__Sphingomonas aerolata	22A2L9-5.fasta	Plate 8	bc73	24.1804919659489	NA	NA	NA	NA	NA	NA	4296246	5	NA	66.08	14	3851734	NA	NA	d__Bacteria;p__Proteobacteria;c__Alphaproteobacteria;o__Sphingomonadales;f__Sphingomonadaceae;g__Sphingomonas;s__Sphingomonas aerolata	4296246
22A2L9-3	100	684	0	ASV_1	./22A2L9-3.ffnCKPNEFOM_03857	370	0	0	1	370	334	703	d__Bacteria	p__Proteobacteria	c__Alphaproteobacteria	o__Sphingomonadales	f__Sphingomonadaceae	g__Sphingomonas	s__Sphingomonas aerolata	22A2L9-3.fasta	Plate 8	bc57	22.601535435127	NA	NA	NA	NA	NA	NA	4131794	3	NA	66.28	26	4014352	NA	NA	d__Bacteria;p__Proteobacteria;c__Alphaproteobacteria;o__Sphingomonadales;f__Sphingomonadaceae;g__Sphingomonas;s__Sphingomonas aerolata	4131794
22A2L9-2	100	684	0	ASV_1	./22A2L9-2.ffnOCAJAFCH_02491	370	0	0	1	370	334	703	d__Bacteria	p__Proteobacteria	c__Alphaproteobacteria	o__Sphingomonadales	f__Sphingomonadaceae	g__Sphingomonas	s__Sphingomonas aerolata	22A2L9-2.fasta	Plate 8	bc49	4.1136430896715	NA	NA	NA	NA	NA	NA	4429623	59	NA	66.35	6	169887	NA	NA	d__Bacteria;p__Proteobacteria;c__Alphaproteobacteria;o__Sphingomonadales;f__Sphingomonadaceae;g__Sphingomonas;s__Sphingomonas aerolata	4429623
22A2L9-1	100	684	0	ASV_1	./22A2L9-1.ffnOOOOIAED_03976	370	0	0	1	370	334	703	d__Bacteria	p__Proteobacteria	c__Alphaproteobacteria	o__Sphingomonadales	f__Sphingomonadaceae	g__Sphingomonas	s__Sphingomonas aerolata	22A2L9-1.fasta	Plate 8	bc41	18.4687429277719	NA	NA	NA	NA	NA	NA	4331550	2	NA	66.03	24	4250694	NA	NA	d__Bacteria;p__Proteobacteria;c__Alphaproteobacteria;o__Sphingomonadales;f__Sphingomonadaceae;g__Sphingomonas;s__Sphingomonas aerolata	4331550
22A1VL55-1	100	684	0	ASV_1	./22A1VL55-1.ffnANDPHKPF_04222	370	0	0	1	370	334	703	d__Bacteria	p__Proteobacteria	c__Alphaproteobacteria	o__Sphingomonadales	f__Sphingomonadaceae	g__Sphingomonas	s__Sphingomonas sp001421745	22A1VL55-1.fasta	Plate 5	bc15	56.4725937581956	229663445	43976	9133	3099	5222.5	5990.9	4094991	4	NA	65.24	55	3982969	NA	NA	d__Bacteria;p__Proteobacteria;c__Alphaproteobacteria;o__Sphingomonadales;f__Sphingomonadaceae;g__Sphingomonas;s__Sphingomonas sp001421745	4094991
22A1R2A-16	100	684	0	ASV_1	./22A1R2A-16.ffnFHMMLPCF_03118	370	0	0	1	370	338	707	d__Bacteria	p__Proteobacteria	c__Alphaproteobacteria	o__Sphingomonadales	f__Sphingomonadaceae	g__Sphingomonas	s__Sphingomonas sp004340945	22A1R2A-16.fasta	Plate 1	bc26	3.38289897716127	120772181	26406	6919	2595	4163.7	4491.1	4311266	3	NA	65.03	16	3981153	NA	NA	d__Bacteria;p__Proteobacteria;c__Alphaproteobacteria;o__Sphingomonadales;f__Sphingomonadaceae;g__Sphingomonas;s__Sphingomonas sp004340945	4311266
22A1PE-7	100	684	0	ASV_1	./22A1PE-7.ffnNPDEFNHL_05466	370	0	0	1	370	334	703	d__Bacteria	p__Proteobacteria	c__Alphaproteobacteria	o__Sphingomonadales	f__Sphingomonadaceae	g__Sphingomonas	s__Sphingomonas aerolata	22A1PE-7.fasta	Plate 3	bc91	15.006526069932	214104631	76809	6811	1039	2787.5	4364.8	6081911	34	NA	58.07	33	3963577	NA	NA	d__Bacteria;p__Proteobacteria;c__Alphaproteobacteria;o__Sphingomonadales;f__Sphingomonadaceae;g__Sphingomonas;s__Sphingomonas aerolata	6081911
22A1L9-5	100	684	0	ASV_1	./22A1L9-5.ffnDPCOFKDH_03331	370	0	0	1	370	334	703	d__Bacteria	p__Proteobacteria	c__Alphaproteobacteria	o__Sphingomonadales	f__Sphingomonadaceae	g__Sphingomonas	s__Sphingomonas aerolata	22A1L9-5.fasta	Plate 8	bc33	34.803196211897	NA	NA	NA	NA	NA	NA	4313509	2	NA	65.91	13	3266038	NA	NA	d__Bacteria;p__Proteobacteria;c__Alphaproteobacteria;o__Sphingomonadales;f__Sphingomonadaceae;g__Sphingomonas;s__Sphingomonas aerolata	4313509
22A1L9-4	100	684	0	ASV_1	./22A1L9-4.ffnHLLDHPGK_02676	370	0	0	1	370	334	703	d__Bacteria	p__Proteobacteria	c__Alphaproteobacteria	o__Sphingomonadales	f__Sphingomonadaceae	g__Sphingomonas	s__	22A1L9-4.fasta	Plate 8	bc25	19.2643141897185	NA	NA	NA	NA	NA	NA	3202619	48	NA	67.83	4	97424	NA	NA	d__Bacteria;p__Proteobacteria;c__Alphaproteobacteria;o__Sphingomonadales;f__Sphingomonadaceae;g__Sphingomonas;s__	3202619
22A1L9-3	100	684	0	ASV_1	./22A1L9-3.ffnHAGLGJKD_03474	370	0	0	1	370	334	703	d__Bacteria	p__Proteobacteria	c__Alphaproteobacteria	o__Sphingomonadales	f__Sphingomonadaceae	g__Sphingomonas	s__Sphingomonas aerolata	22A1L9-3.fasta	Plate 8	bc17	30.7783367860314	NA	NA	NA	NA	NA	NA	4436041	4	NA	66.05	24	4395991	NA	NA	d__Bacteria;p__Proteobacteria;c__Alphaproteobacteria;o__Sphingomonadales;f__Sphingomonadaceae;g__Sphingomonas;s__Sphingomonas aerolata	4436041
22A1L9-2	100	684	0	ASV_1	./22A1L9-2.ffnMEOMAHEE_01478	370	0	0	1	370	334	703	d__Bacteria	p__Proteobacteria	c__Alphaproteobacteria	o__Sphingomonadales	f__Sphingomonadaceae	g__Sphingomonas	s__Sphingomonas aerolata	22A1L9-2.fasta	Plate 8	bc09	33.7369218181502	NA	NA	NA	NA	NA	NA	4441324	7	NA	66.06	12	4089501	NA	NA	d__Bacteria;p__Proteobacteria;c__Alphaproteobacteria;o__Sphingomonadales;f__Sphingomonadaceae;g__Sphingomonas;s__Sphingomonas aerolata	4441324
22A1L9-1	100	684	0	ASV_1	./22A1L9-1.ffnJHNOPHNG_05068	370	0	0	1	370	334	703	d__Bacteria	p__Proteobacteria	c__Alphaproteobacteria	o__Sphingomonadales	f__Sphingomonadaceae	g__Sphingomonas	s__Sphingomonas aerolata	22A1L9-1.fasta	Plate 8	bc01	20.5107671953067	NA	NA	NA	NA	NA	NA	4449053	4	NA	66.01	34	4391597	NA	NA	d__Bacteria;p__Proteobacteria;c__Alphaproteobacteria;o__Sphingomonadales;f__Sphingomonadaceae;g__Sphingomonas;s__Sphingomonas aerolata	4449053
